{
  "prefix"   : "qq_2gauss",
  "qbmode"   : "off",
  "envelope" : "double_gauss",

  "Dstates"  : 4,
  "ti"       : 0.0,
  "tf"       : 1e-6,
  "Nstep"    : 10000000,
  "Nprint"   : 20,

  "psi"     : [1.0, 0.0, 0.0, 0.0],

  "wr"      : [[7.7547500E+11,  8.9312785E+06,  6.9506651E+08,  1.3351103E+09],
               [8.9312785E+06, 7.7539322E+11, 1.2791783E+09, 1.7714899E+08],  
               [6.9506651E+08, 1.2791783E+09, 7.7695734E+11, 1.2306611E+08],
               [1.3351103E+09, 1.7714899E+08, 1.2306611E+08, 7.7690773E+11]],

  "wl"      : [42.46880, 42.54951,  46.16936, 46.24698], 

  "w1"       : 1.22620E+11,
  "w2"       : 54.9952E+11,

  "F1"       : 1.0,
  "F2"       : 1.0,
  "t1"       : 0.3E-6,
  "t2"       : 0.6E-6,
  "sigma1"   : 0.05,
  "sigma2"   : 0.05

}
